DEPARTAMENTO,PROVINCIA,DISTRITO,ubigeo,Poblacion,IDH2019,Educ_sec_comp2019_pct,NBI2017_pct,Viv_sin_serv_hig2017_pct,queen_interseccion_lisa,queen_interseccion_moran_i,queen_interseccion_p,queen_interseccion_n,rook_frontera_compartida_lisa,rook_frontera_compartida_moran_i,rook_frontera_compartida_p,rook_frontera_compartida_n,knn_4_centroides_lisa,knn_4_centroides_moran_i,knn_4_centroides_p,knn_4_centroides_n,banda_distancia_27_km_lisa,banda_distancia_27_km_moran_i,banda_distancia_27_km_p,banda_distancia_27_km_n
Lima,YAUYOS,ALIS,PE151002,1233,0.6468973913220809,69.47429801142613,30.3,6.6000000000000005,1 hotOutlier,-0.40392942915118424,0.02,4,1 hotOutlier,-0.40392942915118424,0.018,4,1 hotOutlier,-0.5457159325980754,0.008,4,1 hotOutlier,-0.3159542192402992,0.012,7
Lima,YAUYOS,AYAUCA,PE151003,2293,0.5441515521554047,43.16739968532273,61.9,57.2,3 no_pattern,0.4390471566027075,0.27,12,3 no_pattern,0.3416931002319495,0.436,11,3 no_pattern,0.5883842044015786,0.424,4,3 no_pattern,0.43330631808376835,0.428,7
Lima,HUAURA,AMBAR,PE150802,2761,0.31644811609225404,42.06009678584249,73.3,60.199999999999996,3 no_pattern,1.061496263381672,0.076,8,4 coldSpot,1.061496263381672,0.032,8,3 no_pattern,1.457481011432626,0.056,4,3 no_pattern,1.1669899163880675,0.178,3
Lima,LIMA,ANCON,PE150102,42124,0.6688889885290078,72.11797581870952,21.7,1.1,3 no_pattern,0.08830654138050785,0.67,6,3 no_pattern,0.08830654138050785,0.654,6,3 no_pattern,0.18090469171081527,0.45,4,3 no_pattern,0.23747924954902278,0.3,5
Lima,OYON,ANDAJES,PE150902,1058,0.4889126713026183,71.68436919144423,36.4,28.499999999999996,1 hotOutlier,-0.3964494103161249,0.05,5,1 hotOutlier,-0.3964494103161249,0.046,5,3 no_pattern,-0.36101735391118184,0.126,4,1 hotOutlier,-0.40106385977220294,0.014,8
Lima,HUAROCHIRI,ANTIOQUIA,PE150702,1246,0.474991833414822,64.77991921849998,30.2,17.4,3 no_pattern,-0.005923666717177247,0.2,12,3 no_pattern,-0.005923666717177247,0.198,12,3 no_pattern,-0.0042762411817192265,0.628,4,3 no_pattern,-0.0008574990400396466,0.824,16
Lima,CANTA,ARAHUAY,PE150402,796,0.4080336609565059,68.86336114323993,45.6,26.6,3 no_pattern,-0.1649429573488795,0.212,5,3 no_pattern,-0.1649429573488795,0.192,5,3 no_pattern,-0.08065617384317689,0.632,4,3 no_pattern,-0.035518732477172486,0.658,13
Lima,CANETE,ASIA,PE150502,9902,0.6740701051618329,82.23751972261901,25.0,1.2,2 hotSpot,1.2790359454674425,0.034,4,2 hotSpot,1.2790359454674425,0.028,4,2 hotSpot,1.2790359454674425,0.038,4,2 hotSpot,1.3432551025063113,0.004,5
Lima,HUARAL,ATAVILLOS ALTO,PE150602,626,0.5316885753143136,68.09653252409606,58.20000000000001,40.6,3 no_pattern,-0.07274105701610055,0.368,7,3 no_pattern,-0.03804321242806987,0.704,6,3 no_pattern,-0.06267755965062276,0.614,4,3 no_pattern,-0.06501477329946764,0.46,8
Lima,HUARAL,ATAVILLOS BAJO,PE150603,1135,0.5223306587904181,61.98260235939394,42.1,29.9,3 no_pattern,-0.05680292959285373,0.502,5,3 no_pattern,-0.05680292959285373,0.48,5,3 no_pattern,-0.060668673962655885,0.512,4,3 no_pattern,0.024086840002709522,0.684,9
Lima,LIMA,ATE,PE150103,672160,0.6868549636939637,76.30894566128948,18.0,1.3,2 hotSpot,0.6107028813277172,0.016,10,2 hotSpot,0.6406566590010899,0.014,9,3 no_pattern,0.5448948012058766,0.168,4,2 hotSpot,0.606200981639654,0.002,35
Lima,HUARAL,AUCALLAMA,PE150604,20446,0.606011890732538,64.14379964647316,39.8,25.6,3 no_pattern,-0.004074148024195257,0.734,5,3 no_pattern,-0.004074148024195257,0.712,5,3 no_pattern,-0.0015917780635733918,0.902,4,3 no_pattern,-0.004074148024195257,0.734,5
Lima,YAUYOS,AYAVIRI,PE151004,675,0.4011283003892834,53.23622244070818,26.1,13.0,4 coldSpot,1.198966357458438,0.002,8,4 coldSpot,1.198966357458438,0.002,8,3 no_pattern,0.331892017283246,0.38,4,4 coldSpot,0.7123118892819865,0.002,12
Lima,YAUYOS,AZANGARO,PE151005,519,0.2697156175123066,50.63933354116145,60.8,30.2,3 no_pattern,0.30497679424458485,0.592,3,3 no_pattern,0.30497679424458485,0.59,3,3 no_pattern,0.47417984559914966,0.324,4,3 no_pattern,0.47417984559914966,0.274,4
Lima,BARRANCA,BARRANCA,PE150201,73485,0.6351794046894105,71.35332766738335,18.8,4.9,3 no_pattern,0.10126683794011122,0.654,3,3 no_pattern,0.10126683794011122,0.734,3,3 no_pattern,0.13634144906642695,0.552,4,3 no_pattern,0.13634144906642695,0.532,4
Lima,LIMA,BARRANCO,PE150104,29424,0.8207642838213052,78.34721798827678,5.3,0.0,3 no_pattern,0.8322527973641244,0.14,3,3 no_pattern,0.8322527973641244,0.102,3,3 no_pattern,0.8875513942228551,0.056,4,2 hotSpot,0.7992472079174099,0.002,30
Lima,LIMA,BRENA,PE150105,75882,0.8121144527422384,78.94895329190118,7.7,0.0,3 no_pattern,1.0465511390196987,0.068,3,2 hotSpot,1.0465511390196987,0.044,3,2 hotSpot,1.0806435921876256,0.03,4,2 hotSpot,0.8520701260960561,0.002,29
Lima,YAUYOS,CACRA,PE151006,383,0.37730584259342004,54.63717566283209,56.00000000000001,45.7,4 coldSpot,1.1448417924748766,0.002,7,4 coldSpot,1.3106998935821799,0.002,6,4 coldSpot,1.4844557060054189,0.002,4,4 coldSpot,0.8262953354042867,0.002,10
Lima,CAJATAMBO,CAJATAMBO,PE150301,2260,0.49491238370364726,58.33584127222091,32.5,13.8,4 coldSpot,0.5111066077262926,0.016,4,4 coldSpot,0.5111066077262926,0.018,4,4 coldSpot,0.5111066077262926,0.014,4,4 coldSpot,0.5976853790972276,0.014,3
Lima,CANETE,CALANGO,PE150503,2434,0.6029663311448101,77.70094293040881,25.8,10.6,3 no_pattern,0.24314096776906874,0.4,8,3 no_pattern,0.24314096776906874,0.428,8,3 no_pattern,0.7230004447460696,0.094,4,3 no_pattern,0.24314096776906874,0.386,8
Lima,HUAURA,CALETA DE CARQUIN,PE150803,7055,0.5558555707808572,63.82598358602113,16.8,3.8,3 no_pattern,-0.03092596949139099,0.358,2,3 no_pattern,-0.03092596949139099,0.332,2,3 no_pattern,-0.024002816691629167,0.342,4,3 no_pattern,-0.026743298195696964,0.184,5
Lima,HUAROCHIRI,CALLAHUANCA,PE150703,4357,0.5652165875341182,65.0243717438528,42.6,16.9,3 no_pattern,0.0049074384234975045,0.784,3,3 no_pattern,0.0049074384234975045,0.838,3,3 no_pattern,0.011054964454775393,0.494,4,3 no_pattern,0.0006797221345864852,0.94,15
Lima,CANTA,CANTA,PE150401,2900,0.618661153476526,63.85569662286537,37.1,12.7,3 no_pattern,0.011103211487586653,0.632,4,3 no_pattern,0.011103211487586653,0.618,4,3 no_pattern,0.011103211487586653,0.656,4,3 no_pattern,0.004068567360767583,0.786,9
Lima,LIMA,CARABAYLLO,PE150106,322936,0.6498693508177541,74.11456675539837,20.0,1.4,3 no_pattern,0.09293011620019537,0.704,6,3 no_pattern,0.09293011620019537,0.702,6,3 no_pattern,0.41766292840239494,0.206,4,2 hotSpot,0.3202816128651153,0.046,15
Lima,HUAROCHIRI,CARAMPOMA,PE150704,1907,0.5099109610449369,78.77238176969597,25.4,13.600000000000001,3 no_pattern,0.15774294669099131,0.668,6,3 no_pattern,0.15774294669099131,0.688,6,3 no_pattern,0.06582190053926373,0.9,4,3 no_pattern,0.10126809351361106,0.778,9
Lima,YAUYOS,CARANIA,PE151007,378,0.3815216535579867,32.95575674900982,71.6,51.300000000000004,4 coldSpot,2.290097114309475,0.01,5,4 coldSpot,2.290097114309475,0.018,5,3 no_pattern,1.9556690211853656,0.07,4,4 coldSpot,2.0664479444048234,0.002,10
Lima,YAUYOS,CATAHUASI,PE151008,943,0.5058822180063174,43.095989594859006,54.29999999999999,26.700000000000003,4 coldSpot,1.7622852357517322,0.008,5,4 coldSpot,1.7622852357517322,0.01,5,3 no_pattern,1.2725828408639854,0.074,4,4 coldSpot,1.288833840765884,0.004,11
Lima,OYON,CAUJUL,PE150903,1076,0.41871166738959387,41.75164872261537,43.4,13.0,4 coldSpot,1.2966982282505888,0.026,6,4 coldSpot,1.3687788375646674,0.046,5,3 no_pattern,1.404464137716575,0.086,4,3 no_pattern,0.8888615904586983,0.102,8
Lima,CANETE,CERRO AZUL,PE150504,8489,0.6531607955580601,84.05593610161118,31.3,10.7,3 no_pattern,1.177508626723008,0.068,4,3 no_pattern,1.177508626723008,0.088,4,2 hotSpot,1.177508626723008,0.048,4,3 no_pattern,1.1565419171124376,0.052,5
Lima,LIMA,CHACLACAYO,PE150107,44890,0.7410537419693288,77.76911521289269,10.9,1.2,3 no_pattern,0.40829700083254217,0.346,4,3 no_pattern,0.40829700083254217,0.388,4,3 no_pattern,0.45065891780722683,0.292,4,3 no_pattern,0.29984626933800007,0.146,16
Lima,HUARAL,CHANCAY,PE150605,65014,0.6328991168419597,72.51785912375117,22.5,5.7,3 no_pattern,0.20109232128171245,0.522,3,3 no_pattern,0.20109232128171245,0.506,3,3 no_pattern,0.219793142391631,0.43,4,3 no_pattern,0.08740111824582006,0.86,2
Lima,HUAURA,CHECRAS,PE150804,1864,0.34138979761913263,71.66217577370446,64.1,56.10000000000001,3 no_pattern,-0.304196743795497,0.104,7,3 no_pattern,-0.2189979950383234,0.316,6,3 no_pattern,-0.14240705367868062,0.594,4,1 hotOutlier,-0.3363855212150813,0.048,8
Lima,HUAROCHIRI,CHICLA,PE150705,7881,0.748110396131153,68.09304145514763,43.5,15.9,3 no_pattern,0.08103692567728918,0.656,2,3 no_pattern,0.08103692567728918,0.614,2,3 no_pattern,0.1012065481417858,0.414,4,3 no_pattern,0.13162420372537548,0.204,5
Lima,CANETE,CHILCA,PE150505,16350,0.7033052422048006,78.75787716925494,24.9,1.4,3 no_pattern,0.5607456911885215,0.118,7,3 no_pattern,0.5607456911885215,0.09,7,3 no_pattern,0.6199707494715789,0.178,4,3 no_pattern,0.5479960379111971,0.062,10
Lima,YAUYOS,CHOCOS,PE151009,1236,0.2968480454074331,61.20354824816111,72.9,53.79999999999999,3 no_pattern,0.053154293006348885,0.474,8,3 no_pattern,0.0980832410679994,0.284,6,3 no_pattern,0.007543768785894568,0.966,4,3 no_pattern,0.0561263749581547,0.458,9
Lima,LIMA,CHORRILLOS,PE150108,341322,0.7583553928164398,76.7651270103073,13.100000000000001,0.3,3 no_pattern,0.6998191116770247,0.076,4,3 no_pattern,0.6998191116770247,0.06,4,3 no_pattern,0.6998191116770247,0.056,4,2 hotSpot,0.7175935109502134,0.002,28
Lima,LIMA,CIENEGUILLA,PE150109,50486,0.6371716495641229,69.64326619808601,24.7,2.3,3 no_pattern,0.21070302166620264,0.172,5,3 no_pattern,0.18405981711595526,0.29,4,3 no_pattern,0.24055653430607904,0.19,4,2 hotSpot,0.22410352420034024,0.002,21
Lima,CANETE,COAYLLO,PE150506,1097,0.6230678553328262,83.02461149554176,29.4,11.7,3 no_pattern,0.6101296767894121,0.234,6,3 no_pattern,0.6101296767894121,0.19,6,3 no_pattern,1.1856022749754171,0.06,4,3 no_pattern,0.6101296767894121,0.258,6
Lima,OYON,COCHAMARCA,PE150904,1653,0.19593373848967782,61.02164044074554,66.4,55.7,4 coldSpot,0.2197375604127403,0.036,5,4 coldSpot,0.2264490398923477,0.036,4,4 coldSpot,0.31681641973766167,0.008,4,4 coldSpot,0.23061198167964458,0.024,5
Lima,YAUYOS,COCHAS,PE151010,449,0.4055246911411471,74.15045268527211,56.49999999999999,37.2,1 hotOutlier,-0.6554189702484182,0.01,7,3 no_pattern,-0.4615397195880353,0.096,5,1 hotOutlier,-0.7075819803728368,0.03,4,1 hotOutlier,-0.5263186458409215,0.006,14
Lima,YAUYOS,COLONIA,PE151011,1288,0.26803688972085105,51.947209790812096,80.3,77.1,4 coldSpot,0.8664640661433901,0.024,5,4 coldSpot,0.8664640661433901,0.022,5,3 no_pattern,0.776289948865066,0.056,4,4 coldSpot,0.9911876025349636,0.006,8
Lima,LIMA,COMAS,PE150110,545685,0.7218926988400113,77.9581888264889,15.299999999999999,0.9000000000000001,3 no_pattern,0.6518631311026416,0.108,5,3 no_pattern,0.6518631311026416,0.07,5,3 no_pattern,0.6683806541632648,0.136,4,2 hotSpot,0.7665804443596123,0.002,30
Lima,CAJATAMBO,COPA,PE150302,803,0.15321212302950782,36.220954552638865,83.7,73.4,3 no_pattern,0.5654629126334056,0.658,2,3 no_pattern,0.5654629126334056,0.688,2,3 no_pattern,1.5175128192854848,0.09,4,3 no_pattern,0.5654629126334056,0.72,2
Lima,HUAROCHIRI,CUENCA,PE150706,397,0.3134820028399068,51.37329245849737,38.2,32.9,3 no_pattern,0.6937067409547162,0.09,4,3 no_pattern,0.6937067409547162,0.112,4,4 coldSpot,0.9830803377264743,0.026,4,4 coldSpot,0.9118349604156625,0.006,10
Lima,LIMA,EL AGUSTINO,PE150111,198366,0.6970617810314195,73.5715154770137,14.6,0.1,2 hotSpot,0.49318918273692497,0.042,6,3 no_pattern,0.49318918273692497,0.054,6,3 no_pattern,0.5037851401000666,0.066,4,2 hotSpot,0.5158235084669529,0.002,34
Lima,CAJATAMBO,GORGOR,PE150303,2774,0.2770284247354153,31.8011356935371,59.0,40.0,3 no_pattern,1.3064132431393343,0.13,7,3 no_pattern,1.3064132431393343,0.1,7,3 no_pattern,0.9085355467537302,0.416,4,3 no_pattern,1.3628014940809419,0.07,7
Lima,YAUYOS,HONGOS,PE151012,388,0.19766841664269896,16.47787837450491,49.2,46.0,3 no_pattern,3.81285382570022,0.07,2,3 no_pattern,3.81285382570022,0.06,2,4 coldSpot,5.124957994591528,0.002,4,4 coldSpot,3.9463592996536057,0.002,7
Lima,HUAURA,HUACHO,PE150801,60196,0.7327345537337897,76.31492653513806,15.299999999999999,1.7000000000000002,3 no_pattern,0.39501270100322755,0.236,5,3 no_pattern,0.39501270100322755,0.264,5,3 no_pattern,0.383330100664318,0.304,4,3 no_pattern,0.4124383448531271,0.38,3
Lima,HUAROCHIRI,HUACHUPAMPA,PE150707,3003,0.41916673631569135,61.540923257574974,49.2,28.7,3 no_pattern,0.055320340531644314,0.534,5,3 no_pattern,0.055320340531644314,0.52,5,3 no_pattern,-0.07106621437371477,0.492,4,3 no_pattern,-0.03406224106242403,0.488,16
Lima,HUAURA,HUALMAY,PE150805,29448,0.6533652047552301,78.34373990413404,13.100000000000001,1.8000000000000003,3 no_pattern,0.4174299052504409,0.388,4,3 no_pattern,0.4174299052504409,0.42,4,3 no_pattern,0.24350590061541427,0.61,4,3 no_pattern,0.34299271037526935,0.414,5
Lima,CANTA,HUAMANTANGA,PE150403,1349,0.3776578804825868,58.979443426210196,34.3,30.2,3 no_pattern,-0.039818254971649876,0.822,6,3 no_pattern,-0.037734890769382266,0.836,5,3 no_pattern,-0.0018126486721298575,0.988,4,3 no_pattern,-0.013201382117041343,0.942,7
Lima,YAUYOS,HUAMPARA,PE151013,175,0.36283427879279345,24.71681756175737,37.6,24.1,3 no_pattern,1.3068129784323865,0.256,5,3 no_pattern,1.3068129784323865,0.236,5,3 no_pattern,2.0013489920425647,0.128,4,3 no_pattern,1.5513957827764417,0.054,10
Lima,CAJATAMBO,HUANCAPON,PE150304,982,0.3918198258882275,61.943081698715744,71.0,66.7,4 coldSpot,0.21429557968926005,0.012,4,4 coldSpot,0.21429557968926005,0.018,4,4 coldSpot,0.21429557968926005,0.014,4,4 coldSpot,0.21429557968926005,0.028,4
Lima,YAUYOS,HUANCAYA,PE151014,1424,0.47277651139635607,81.42010490931838,82.0,65.4,3 no_pattern,-0.6717043471236817,0.326,3,3 no_pattern,-0.6717043471236817,0.31,3,1 hotOutlier,-1.5063144601856417,0.01,4,1 hotOutlier,-1.1290264003857475,0.012,5
Lima,YAUYOS,HUANEC,PE151017,485,0.369170254365948,35.95173463528345,33.0,32.1,3 no_pattern,0.22116718779092362,0.816,4,3 no_pattern,0.711966717366819,0.516,3,3 no_pattern,0.09753945752487019,0.922,4,4 coldSpot,1.672660576884659,0.002,15
Lima,YAUYOS,HUANGASCAR,PE151015,549,0.4433442167500024,58.588011998239686,54.29999999999999,44.8,3 no_pattern,0.25654359903163143,0.194,4,3 no_pattern,0.25654359903163143,0.18,4,3 no_pattern,0.25654359903163143,0.176,4,4 coldSpot,0.41486406621121547,0.01,9
Lima,YAUYOS,HUANTAN,PE151016,943,0.5021614940381087,52.72921079841573,81.5,66.9,4 coldSpot,0.9872689023403625,0.008,5,4 coldSpot,0.9872689023403625,0.002,5,4 coldSpot,0.7985260865359484,0.046,4,4 coldSpot,0.9778985731224342,0.006,5
Lima,HUAROCHIRI,HUANZA,PE150708,2851,0.45845445256495204,64.70588502510739,51.5,34.1,3 no_pattern,-0.0016556576656421677,0.83,3,3 no_pattern,-0.0016556576656421677,0.834,3,3 no_pattern,0.002795514752793906,0.672,4,3 no_pattern,0.0012985428989196412,0.738,10
Lima,HUARAL,HUARAL,PE150601,104610,0.6447048661877788,69.7224229508107,21.1,7.7,3 no_pattern,0.013616278304590326,0.94,6,3 no_pattern,0.013616278304590326,0.94,6,3 no_pattern,-0.02793834833423015,0.874,4,3 no_pattern,0.08985116870428625,0.714,2
Lima,HUAROCHIRI,HUAROCHIRI,PE150709,1251,0.43876533318391886,60.594139822843054,34.3,23.5,4 coldSpot,0.307636073010433,0.004,10,4 coldSpot,0.307636073010433,0.002,10,4 coldSpot,0.36218618202787495,0.01,4,4 coldSpot,0.2269072339108191,0.002,13
Lima,CANTA,HUAROS,PE150404,785,0.4240691749069481,59.41152726083444,50.5,32.0,3 no_pattern,0.03863857082490894,0.812,5,3 no_pattern,0.03863857082490894,0.8,5,3 no_pattern,-0.040756359847137005,0.836,4,3 no_pattern,0.024478173958795365,0.86,6
Lima,HUAURA,HUAURA,PE150806,36793,0.644332113046051,70.04798203155518,19.5,9.6,3 no_pattern,0.008949083843029984,0.94,7,3 no_pattern,0.008949083843029984,0.95,7,3 no_pattern,0.14936784245269646,0.434,4,3 no_pattern,0.12604393007747836,0.45,5
Lima,HUARAL,IHUARI,PE150606,2344,0.338207770396321,52.326809202726444,85.0,83.4,3 no_pattern,0.1412374777003175,0.688,6,3 no_pattern,0.1412374777003175,0.686,6,3 no_pattern,0.12182875891666924,0.76,4,3 no_pattern,0.19813891146440188,0.564,6
Lima,CANETE,IMPERIAL,PE150507,41037,0.6863453118879591,79.49329338362753,20.8,2.5,2 hotSpot,0.9561506372242284,0.03,5,2 hotSpot,0.9561506372242284,0.032,5,3 no_pattern,0.8840809452141534,0.08,4,3 no_pattern,0.9561506372242284,0.06,5
Lima,LIMA,INDEPENDENCIA,PE150112,223827,0.6853375063928137,76.32428568750537,18.7,1.2,2 hotSpot,0.6632437627127274,0.044,5,2 hotSpot,0.6632437627127274,0.042,5,3 no_pattern,0.7134091182817629,0.06,4,2 hotSpot,0.6786862507112363,0.002,31
Lima,LIMA,JESUS MARIA,PE150113,72804,0.8371895927825478,81.09222271899455,3.0,0.0,2 hotSpot,1.165667299206226,0.012,6,2 hotSpot,1.165667299206226,0.014,6,2 hotSpot,1.2104740040375574,0.024,4,2 hotSpot,0.9731445553891349,0.002,29
Lima,LIMA,LA MOLINA,PE150114,182603,0.8452166148253858,78.16154022078278,2.8,0.0,3 no_pattern,0.6123254316364194,0.11,6,3 no_pattern,0.671335349990265,0.09,5,3 no_pattern,0.8773456223330918,0.054,4,2 hotSpot,0.7704048223084102,0.002,33
Lima,LIMA,LA VICTORIA,PE150115,169270,0.7141594849782824,74.79179886803175,15.299999999999999,0.0,2 hotSpot,0.7080484239582701,0.022,5,2 hotSpot,0.7080484239582701,0.036,5,2 hotSpot,0.7554302722166113,0.026,4,2 hotSpot,0.5869290618479177,0.002,32
Lima,CANTA,LACHAQUI,PE150405,904,0.43641269282098455,66.51816927768067,55.2,49.3,3 no_pattern,-0.020091129831153427,0.72,6,3 no_pattern,-0.014062340600786528,0.822,5,3 no_pattern,-0.017438630898248073,0.796,4,3 no_pattern,0.007517229185178935,0.822,11
Lima,HUAROCHIRI,LAHUAYTAMBO,PE150710,651,0.2626081532146398,34.752521368983516,56.99999999999999,50.8,3 no_pattern,1.389414123116375,0.13,5,3 no_pattern,1.389414123116375,0.1,5,3 no_pattern,1.2557792957293124,0.2,4,4 coldSpot,1.1152186086576543,0.018,15
Lima,HUARAL,LAMPIAN,PE150607,389,0.4741460467563355,77.19444982488622,20.5,16.9,3 no_pattern,-0.31936601087875,0.362,5,3 no_pattern,-0.31936601087875,0.418,5,3 no_pattern,-0.3473272897684742,0.46,4,3 no_pattern,-0.48975353485811013,0.102,7
Lima,HUAROCHIRI,LANGA,PE150711,822,0.29328646027518795,58.411723769901656,47.0,30.2,4 coldSpot,0.42679229777527705,0.018,5,4 coldSpot,0.42679229777527705,0.02,5,4 coldSpot,0.5951515984399253,0.002,4,4 coldSpot,0.3504226485089181,0.002,14
Lima,HUAROCHIRI,LARAOS,PE150712,2452,0.4575384870542278,49.232738606059975,54.29999999999999,40.1,3 no_pattern,-0.23999487361365351,0.522,8,3 no_pattern,-0.23999487361365351,0.484,8,3 no_pattern,0.02602133023679855,0.97,4,3 no_pattern,-0.20544079468280976,0.51,11
Lima,YAUYOS,LARAOS,PE151018,725,0.6158046705733675,56.0247864733167,55.3,15.8,4 coldSpot,0.8765364920765527,0.004,4,4 coldSpot,0.8765364920765527,0.004,4,3 no_pattern,0.41773164234454674,0.13,4,3 no_pattern,0.41773164234454674,0.176,4
Lima,HUAURA,LEONCIO PRADO,PE150807,2004,0.38715809130401785,52.443683179847355,42.6,30.4,3 no_pattern,0.276531767747076,0.38,7,3 no_pattern,0.2904717886225368,0.338,6,3 no_pattern,0.4318064882186423,0.264,4,3 no_pattern,0.40202260271592505,0.212,6
Lima,LIMA,LIMA,PE150101,269858,0.7646845961658533,77.96082737891015,10.6,0.0,2 hotSpot,0.8232376581130836,0.002,11,2 hotSpot,0.8232376581130836,0.004,11,2 hotSpot,0.9080127799754097,0.04,4,2 hotSpot,0.7957648242954113,0.002,29
Lima,LIMA,LINCE,PE150116,49833,0.8424277365452573,82.55566521442681,5.4,0.0,3 no_pattern,1.1115364448460345,0.056,4,3 no_pattern,1.1115364448460345,0.06,4,2 hotSpot,1.1318013217982665,0.044,4,2 hotSpot,1.0372210029156064,0.002,30
Lima,YAUYOS,LINCHA,PE151019,966,0.16297296757382085,39.54690809881179,85.5,70.7,4 coldSpot,2.7843743636609775,0.008,3,4 coldSpot,2.7843743636609775,0.01,3,4 coldSpot,3.320151937916409,0.002,4,4 coldSpot,2.4246927143141117,0.002,6
Lima,LIMA,LOS OLIVOS,PE150117,390742,0.758462599563312,79.20045639149897,9.0,0.0,3 no_pattern,0.8072435785559015,0.106,4,3 no_pattern,0.8072435785559015,0.08,4,3 no_pattern,0.8393602393748035,0.068,4,2 hotSpot,0.8512782076418685,0.002,29
Lima,CANETE,LUNAHUANA,PE150508,4921,0.6623324913229058,85.20946969279287,20.8,3.6000000000000005,3 no_pattern,0.9563634961119724,0.144,4,3 no_pattern,1.3794707575453835,0.068,3,3 no_pattern,0.9563634961119724,0.172,4,3 no_pattern,0.8442961618906182,0.164,5
Lima,LIMA,LURIGANCHO,PE150118,232902,0.6831952456039544,74.49000793376607,22.9,5.9,3 no_pattern,0.13874933354736946,0.556,8,3 no_pattern,0.13874933354736946,0.582,8,3 no_pattern,0.05302352464320134,0.882,4,2 hotSpot,0.3670904597769572,0.008,21
Lima,LIMA,LURIN,PE150119,90818,0.6909236767275176,70.97436336767564,21.7,3.8,3 no_pattern,0.10703739672902883,0.614,5,3 no_pattern,0.21230623275012722,0.332,4,3 no_pattern,0.16175847223569245,0.45,4,2 hotSpot,0.27258486509172036,0.006,17
Lima,YAUYOS,MADEAN,PE151020,804,0.1784094281498446,59.32036214821769,67.9,60.199999999999996,3 no_pattern,0.2794044417301187,0.142,3,3 no_pattern,0.2794044417301187,0.158,3,4 coldSpot,0.35758970529276163,0.038,4,4 coldSpot,0.41179874793142474,0.006,7
Lima,LIMA,MAGDALENA DEL MAR,PE150120,55786,0.8339285469381142,79.64957679364637,3.5000000000000004,0.0,2 hotSpot,1.0405633327136916,0.032,4,2 hotSpot,1.0405633327136916,0.03,4,2 hotSpot,1.0405633327136916,0.026,4,2 hotSpot,0.8918073272431369,0.002,29
Lima,CANETE,MALA,PE150509,35929,0.685813872679625,82.21005317054917,22.4,1.5,2 hotSpot,1.5113500191999378,0.006,5,2 hotSpot,1.5113500191999378,0.01,5,2 hotSpot,1.6242310851191826,0.01,4,2 hotSpot,1.4502696065249259,0.008,6
Lima,CAJATAMBO,MANAS,PE150305,982,0.4741262708635928,58.915788232237155,61.9,51.5,4 coldSpot,0.4919980351227449,0.024,3,4 coldSpot,0.4919980351227449,0.024,3,4 coldSpot,0.514454026988298,0.014,4,4 coldSpot,0.4919980351227449,0.03,3
Lima,HUAROCHIRI,MARIATANA,PE150713,1325,0.1422135311055599,45.44560486713229,56.89999999999999,49.6,3 no_pattern,0.5033418490935568,0.348,6,3 no_pattern,0.5033418490935568,0.312,6,3 no_pattern,1.008723478365799,0.126,4,4 coldSpot,0.9578619014473699,0.004,12
Lima,HUAROCHIRI,MATUCANA,PE150701,3584,0.5782076557642399,79.31941219865219,30.4,14.6,3 no_pattern,0.10912379447195072,0.798,6,3 no_pattern,0.10912379447195072,0.794,6,3 no_pattern,0.6682045848684521,0.194,4,3 no_pattern,0.040731171022608474,0.87,13
Lima,LIMA,MIRAFLORES,PE150122,82898,0.8326399351216524,77.78409882620639,1.2,0.0,3 no_pattern,0.8598737693125315,0.052,4,3 no_pattern,0.8598737693125315,0.066,4,2 hotSpot,0.9173681264652653,0.05,4,2 hotSpot,0.7808784417583527,0.002,29
Lima,YAUYOS,MIRAFLORES,PE151021,447,0.41509888746822665,12.358408780878685,24.9,15.6,3 no_pattern,2.6863924779153114,0.052,6,4 coldSpot,2.6863924779153114,0.028,6,3 no_pattern,2.1455628430519895,0.224,4,3 no_pattern,1.831668287910511,0.078,10
Lima,OYON,NAVAN,PE150905,1235,0.37348680728654604,39.40980945131483,36.3,28.7,3 no_pattern,1.1580321879552284,0.14,5,4 coldSpot,1.65138754402867,0.042,4,3 no_pattern,0.8048049164502746,0.342,4,4 coldSpot,1.2618497092416623,0.04,8
Lima,CANETE,NUEVO IMPERIAL,PE150510,24623,0.654613604525703,76.60039837140489,29.4,1.1,2 hotSpot,0.6559300701972394,0.048,6,2 hotSpot,0.6559300701972394,0.044,6,2 hotSpot,0.7687413158453147,0.05,4,2 hotSpot,0.8428791940062729,0.004,7
Lima,YAUYOS,OMAS,PE151022,562,0.3162073006592749,55.36567133833652,38.0,23.9,3 no_pattern,0.24389753663558453,0.24,8,3 no_pattern,0.24389753663558453,0.232,8,3 no_pattern,0.3387632004554348,0.284,4,3 no_pattern,0.23533102600712852,0.178,10
Lima,OYON,OYON,PE150901,15066,0.6329626849738527,55.60978991784313,32.3,10.4,3 no_pattern,0.2882145460878783,0.28,5,3 no_pattern,0.2882145460878783,0.286,5,3 no_pattern,0.5269903526126668,0.078,4,3 no_pattern,0.5269903526126668,0.076,4
Lima,CANETE,PACARAN,PE150511,1842,0.6617028053346481,78.1575290073564,29.9,12.0,3 no_pattern,0.08874272884826474,0.784,6,3 no_pattern,0.08874272884826474,0.786,6,3 no_pattern,0.5214960210683897,0.242,4,3 no_pattern,0.08800459750513324,0.808,6
Lima,HUARAL,PACARAOS,PE150608,385,0.5008795105432349,44.83847830254029,55.60000000000001,39.0,3 no_pattern,0.08109544983083176,0.886,5,3 no_pattern,0.27941523772386195,0.662,4,3 no_pattern,0.27941523772386195,0.644,4,3 no_pattern,-0.07160622738222874,0.89,7
Lima,HUAURA,PACCHO,PE150808,2225,0.1640584330946609,55.49596103687552,47.2,39.2,3 no_pattern,0.38699007516694117,0.102,6,3 no_pattern,0.3450747073391373,0.244,4,3 no_pattern,0.3450747073391373,0.278,4,3 no_pattern,0.3339281859323189,0.094,8
Lima,LIMA,PACHACAMAC,PE150123,139067,0.6463106547105882,70.89234783689217,25.8,1.7000000000000002,3 no_pattern,0.14207356040886118,0.348,8,3 no_pattern,0.11632690369706308,0.484,6,3 no_pattern,0.17586994201866984,0.416,4,2 hotSpot,0.3155285024841615,0.002,25
Lima,OYON,PACHANGARA,PE150906,3485,0.5348345437988095,60.943781888349044,27.3,12.3,3 no_pattern,-0.0212736255437801,0.852,4,3 no_pattern,-0.0212736255437801,0.868,4,3 no_pattern,-0.0212736255437801,0.86,4,3 no_pattern,0.07231606441118514,0.43,6
Lima,BARRANCA,PARAMONGA,PE150202,22373,0.6268687897946689,72.30753381266985,15.7,5.8,3 no_pattern,0.13039324262680446,0.804,1,3 no_pattern,0.13039324262680446,0.842,1,3 no_pattern,0.14696110473738364,0.564,4,3 no_pattern,0.1859792625360893,0.636,2
Lima,BARRANCA,PATIVILCA,PE150203,20032,0.6089995249782627,68.21266463461673,29.799999999999997,14.2,3 no_pattern,0.12239546746486059,0.458,2,3 no_pattern,0.12239546746486059,0.47,2,3 no_pattern,0.08675691985627516,0.452,4,3 no_pattern,0.08675691985627516,0.504,4
Lima,LIMA,PUCUSANA,PE150124,18284,0.5989399421098186,66.79191860624414,34.0,4.7,3 no_pattern,0.07070685943099965,0.526,2,3 no_pattern,0.07070685943099965,0.524,2,3 no_pattern,0.1294044499576991,0.082,4,3 no_pattern,0.10670661377726141,0.052,8
Lima,LIMA,MAGDALENA VIEJA,PE150121,77322,0.8336947776345246,82.37947862341113,3.0,0.0,2 hotSpot,1.1643882222449309,0.024,5,2 hotSpot,1.1643882222449309,0.022,5,3 no_pattern,1.1827122220815554,0.056,4,2 hotSpot,1.0451693729400957,0.002,29
Lima,LIMA,PUENTE PIEDRA,PE150125,378910,0.6632628912836565,73.19223743118206,23.3,3.2,3 no_pattern,0.4711178369485308,0.07,5,3 no_pattern,0.4711178369485308,0.054,5,3 no_pattern,0.4500769310033823,0.082,4,2 hotSpot,0.49636177849024904,0.002,22
Lima,LIMA,PUNTA HERMOSA,PE150126,8104,0.6959889140821508,67.89627023388005,37.8,1.6,3 no_pattern,0.019401964643833914,0.874,4,3 no_pattern,-0.006633440081937855,0.962,3,3 no_pattern,0.10579919049163462,0.41,4,3 no_pattern,0.07974182994148593,0.256,11
Lima,LIMA,PUNTA NEGRA,PE150127,8500,0.6997623570346938,67.4916969677081,14.899999999999999,0.2,3 no_pattern,0.020253934603084407,0.896,3,3 no_pattern,0.020253934603084407,0.858,3,3 no_pattern,0.07132947648748535,0.52,4,3 no_pattern,0.05756206949184803,0.396,9
Lima,YAUYOS,PUTINZA,PE151023,489,0.4050376342376149,61.365891877466574,67.6,54.50000000000001,3 no_pattern,0.18461928985926743,0.066,4,3 no_pattern,0.18461928985926743,0.074,4,4 coldSpot,0.3552485859501955,0.002,4,4 coldSpot,0.20631174979834055,0.02,7
Lima,CANETE,QUILMANA,PE150512,15823,0.6472904660159264,72.31228436424348,21.2,1.1,2 hotSpot,0.4668209910240325,0.028,6,2 hotSpot,0.4668209910240325,0.022,6,2 hotSpot,0.5691092241915549,0.024,4,2 hotSpot,0.5626660661784783,0.01,6
Lima,YAUYOS,QUINCHES,PE151024,961,0.3873919241346676,42.985769672621515,51.7,40.8,3 no_pattern,1.0611074877330733,0.072,6,4 coldSpot,1.6696775225128513,0.016,5,3 no_pattern,0.24592865236278555,0.71,4,4 coldSpot,1.3127092154277324,0.002,14
Lima,YAUYOS,QUINOCAY,PE151025,530,0.2701484733661725,60.841397075095074,25.900000000000002,18.8,4 coldSpot,0.18374021947816663,0.05,7,4 coldSpot,0.19233110609287668,0.04,6,4 coldSpot,0.24516055927341196,0.038,4,4 coldSpot,0.160400142835859,0.028,12
Lima,HUAROCHIRI,RICARDO PALMA,PE150714,6358,0.6258965412600691,67.5922570843866,23.0,5.0,3 no_pattern,0.08188156723654436,0.388,5,3 no_pattern,0.09494790514313506,0.348,4,3 no_pattern,0.03983997969771437,0.698,4,3 no_pattern,0.01029269895460553,0.82,15
Lima,LIMA,RIMAC,PE150128,165451,0.7300036506368504,75.11639588359114,15.0,0.3,3 no_pattern,0.582019365849914,0.1,4,3 no_pattern,0.582019365849914,0.1,4,3 no_pattern,0.5864646367896965,0.098,4,2 hotSpot,0.6215796699593874,0.002,31
Lima,HUAROCHIRI,SAN ANDRES DE TUPICOCHA,PE150715,1272,0.18896509789226237,50.66670186643065,47.2,29.5,3 no_pattern,0.29468695624302393,0.484,5,3 no_pattern,0.29468695624302393,0.502,5,3 no_pattern,-0.280540474054,0.52,4,3 no_pattern,0.15130676736472465,0.498,16
Lima,CANETE,SAN ANTONIO,PE150513,4371,0.7376762005829841,84.3852417501173,25.900000000000002,3.4000000000000004,2 hotSpot,1.7046599081149485,0.018,3,2 hotSpot,1.7046599081149485,0.03,3,2 hotSpot,1.3296140679365633,0.038,4,2 hotSpot,1.1456204294066863,0.028,6
Lima,HUAROCHIRI,SAN ANTONIO,PE150716,5785,0.3755896560439075,39.07360206830157,88.6,60.199999999999996,3 no_pattern,-0.4902243204322043,0.406,8,3 no_pattern,-0.4902243204322043,0.41,8,3 no_pattern,-0.7844507136880835,0.362,4,3 no_pattern,-0.6424424424675633,0.168,14
Lima,LIMA,SAN BARTOLO,PE150129,8200,0.7238335901083031,76.37525886646478,14.400000000000002,0.9000000000000001,3 no_pattern,0.08070516898687126,0.854,4,3 no_pattern,0.08070516898687126,0.84,4,3 no_pattern,0.1091160549837782,0.804,4,3 no_pattern,0.29418057946488246,0.23,9
Lima,HUAROCHIRI,SAN BARTOLOME,PE150717,2409,0.5415613130429928,76.19352403318806,32.2,21.7,3 no_pattern,-0.05959521767887822,0.872,5,3 no_pattern,-0.05959521767887822,0.88,5,3 no_pattern,0.10946387136950649,0.778,4,3 no_pattern,-0.09932049911227529,0.586,15
Lima,LIMA,SAN BORJA,PE150130,114479,0.8236163632543221,78.76297514209003,2.1,0.0,2 hotSpot,0.8789399168797882,0.014,6,2 hotSpot,0.8789399168797882,0.028,6,3 no_pattern,0.901892255701081,0.07,4,2 hotSpot,0.7942289302713268,0.002,33
Lima,CANTA,SAN BUENAVENTURA,PE150406,567,0.4467305802547525,68.45828254827968,26.899999999999995,14.7,3 no_pattern,-0.02680364576476206,0.774,8,3 no_pattern,-0.030475507141343144,0.75,7,3 no_pattern,-0.0283769393205546,0.838,4,3 no_pattern,-0.026721933878974615,0.758,10
Lima,HUAROCHIRI,SAN DAMIAN,PE150718,1137,0.3265060561911257,36.217187020549865,53.7,38.6,3 no_pattern,0.487337747621131,0.456,7,3 no_pattern,0.487337747621131,0.48,7,3 no_pattern,1.2004102175272047,0.212,4,3 no_pattern,0.7668290987851003,0.096,15
Lima,LIMA,SAN ISIDRO,PE150131,54298,0.7888324174847985,78.47021861578261,1.1,0.0,2 hotSpot,0.92906291996411,0.018,7,2 hotSpot,0.92906291996411,0.012,7,2 hotSpot,0.9975085196746494,0.02,4,2 hotSpot,0.8107916747324816,0.002,30
Lima,YAUYOS,SAN JOAQUIN,PE151026,452,0.4418909374292844,84.74337449745383,26.5,24.4,1 hotOutlier,-1.1677470601170452,0.048,5,3 no_pattern,-0.9642481536048524,0.122,4,3 no_pattern,-1.1910706915084353,0.092,4,1 hotOutlier,-1.561626204368947,0.002,13
Lima,HUAROCHIRI,SAN JUAN DE IRIS,PE150719,1891,0.4541918718147169,80.14631866102786,63.4,47.0,3 no_pattern,0.15791937733178535,0.696,6,3 no_pattern,0.15791937733178535,0.742,6,3 no_pattern,0.47090524182623167,0.376,4,3 no_pattern,0.29799106656535046,0.266,15
Lima,LIMA,SAN JUAN DE LURIGANCHO,PE150132,1156300,0.701053025277506,73.1469484600971,19.4,1.1,3 no_pattern,0.25676430231232134,0.18,8,3 no_pattern,0.25676430231232134,0.184,8,3 no_pattern,0.45313739869756564,0.094,4,2 hotSpot,0.44660930451671976,0.002,33
Lima,LIMA,SAN JUAN DE MIRAFLORES,PE150133,422389,0.7289998534947872,76.9124822838204,15.5,0.6,3 no_pattern,0.6684109676488033,0.06,5,3 no_pattern,0.6684109676488033,0.066,5,3 no_pattern,0.6992726784474513,0.088,4,2 hotSpot,0.7050618537240735,0.002,31
Lima,HUAROCHIRI,SAN JUAN DE TANTARANCHE,PE150720,477,0.2988979507036279,34.46291702424198,45.7,21.5,3 no_pattern,1.0639708574778965,0.266,5,3 no_pattern,1.0639708574778965,0.246,5,3 no_pattern,1.1845758905745811,0.25,4,4 coldSpot,1.608409661722294,0.022,7
Lima,HUAROCHIRI,SAN LORENZO DE QUINTI,PE150721,1547,0.39818906935986487,56.65137045080875,42.2,34.8,3 no_pattern,0.2628750946537406,0.124,9,3 no_pattern,0.2792101190117199,0.114,8,4 coldSpot,0.6092488942087875,0.014,4,4 coldSpot,0.414773057637291,0.008,10
Lima,LIMA,SAN LUIS,PE150134,59377,0.7932581306844921,80.69904096659818,9.4,0.0,3 no_pattern,0.8646361336982498,0.07,5,3 no_pattern,0.8646361336982498,0.07,5,2 hotSpot,0.9486165780186595,0.05,4,2 hotSpot,0.9130917841305431,0.002,33
Lima,CANETE,SAN LUIS,PE150514,13420,0.68516251502848,77.07749519928672,22.1,7.1,2 hotSpot,1.0043754946167562,0.032,3,2 hotSpot,1.0043754946167562,0.046,3,3 no_pattern,0.7758452370620355,0.06,4,2 hotSpot,0.8293825726154126,0.026,5
Lima,LIMA,SAN MARTIN DE PORRES,PE150135,741417,0.7419979630670723,79.00446395716813,11.1,0.2,3 no_pattern,0.7792699729133667,0.06,5,3 no_pattern,0.7792699729133667,0.058,5,3 no_pattern,0.8314185491706055,0.074,4,2 hotSpot,0.8329064783248331,0.002,30
Lima,HUAROCHIRI,SAN MATEO,PE150722,5120,0.5875492687605783,60.278545344599074,35.5,12.4,3 no_pattern,0.10387572439904436,0.318,7,3 no_pattern,0.10387572439904436,0.306,7,3 no_pattern,0.19353744701776307,0.182,4,3 no_pattern,0.06354793236373338,0.518,7
Lima,HUAROCHIRI,SAN MATEO DE OTAO,PE150723,1599,0.42007186086310294,66.65355380512736,43.7,29.5,3 no_pattern,0.07887830232944755,0.08,9,3 no_pattern,0.08503606316935583,0.074,8,3 no_pattern,0.062125618692539256,0.368,4,3 no_pattern,-0.009156003458303159,0.802,15
Lima,LIMA,SAN MIGUEL,PE150136,139399,0.8224006497057281,76.66408959706945,4.5,0.0,3 no_pattern,0.8541678769979821,0.062,3,3 no_pattern,0.8541678769979821,0.054,3,2 hotSpot,0.8829351654704944,0.032,4,2 hotSpot,0.7214092955424505,0.002,29
Lima,HUARAL,SAN MIGUEL DE ACOS,PE150609,777,0.5624149606467331,72.4770112244765,43.6,28.4,3 no_pattern,-0.168605275078061,0.498,5,3 no_pattern,-0.032710668412253965,0.892,4,3 no_pattern,-0.09752579197502817,0.69,4,3 no_pattern,-0.15905928611047582,0.39,8
Lima,HUAROCHIRI,SAN PEDRO DE CASTA,PE150724,1325,0.41444124766127294,64.98721495999916,41.3,27.1,3 no_pattern,-0.002174962826130963,0.862,6,3 no_pattern,-0.002174962826130963,0.864,6,3 no_pattern,0.0079494751816844,0.614,4,3 no_pattern,0.0024292141703134264,0.7,18
Lima,HUAROCHIRI,SAN PEDRO DE HUANCAYRE,PE150725,248,0.34348197852638773,49.232738606059975,30.5,15.1,3 no_pattern,0.8596841056966974,0.108,4,3 no_pattern,0.8596841056966974,0.07,4,3 no_pattern,0.8596841056966974,0.07,4,4 coldSpot,0.9104161867652606,0.004,13
Lima,YAUYOS,SAN PEDRO DE PILAS,PE151027,364,0.3312006542162982,65.91151349801964,25.5,7.8,3 no_pattern,-0.0717482421974368,0.2,3,3 no_pattern,-0.0717482421974368,0.162,3,1 hotOutlier,-0.08863123620959247,0.048,4,1 hotOutlier,-0.07891389021356747,0.01,10
Lima,CANETE,SAN VICENTE DE CANETE,PE150501,58091,0.7067903522986189,82.80316671539224,25.1,7.7,2 hotSpot,1.2529009670910958,0.042,4,2 hotSpot,1.2529009670910958,0.046,4,2 hotSpot,1.2529009670910958,0.05,4,2 hotSpot,1.2529009670910958,0.034,4
Lima,HUAROCHIRI,SANGALLAYA,PE150726,569,0.3726100718472872,41.02728217171666,46.5,35.2,3 no_pattern,0.5339308663956807,0.458,5,3 no_pattern,0.9246642812100978,0.248,4,3 no_pattern,0.5151398022927441,0.508,4,4 coldSpot,1.2722974928988244,0.006,14
Lima,LIMA,SANTA ANITA,PE150137,242026,0.7347309224519117,76.47981423089655,14.3,0.0,3 no_pattern,0.5662082497876749,0.342,2,3 no_pattern,0.5662082497876749,0.294,2,3 no_pattern,0.6676754670635398,0.09,4,2 hotSpot,0.677073169914557,0.002,34
Lima,HUARAL,SANTA CRUZ DE ANDAMARCA,PE150610,1469,0.5338535285307585,65.94611570754564,25.8,18.2,3 no_pattern,-0.05198746609331902,0.47,2,3 no_pattern,-0.05198746609331902,0.422,2,3 no_pattern,-0.05413954357946928,0.288,4,3 no_pattern,-0.05413954357946928,0.29,4
Lima,HUAROCHIRI,SANTA CRUZ DE COCACHACRA,PE150727,2541,0.6317529469312205,77.61396439072985,23.5,2.3,3 no_pattern,0.03757006628023174,0.914,6,3 no_pattern,-0.0019326581570763349,0.998,5,3 no_pattern,-0.006151196884865481,0.994,4,3 no_pattern,-0.10500218581383244,0.554,18
Lima,CANETE,SANTA CRUZ DE FLORES,PE150515,2898,0.7021482235238086,89.2150430544199,27.0,2.9,2 hotSpot,1.8237595606576897,0.016,4,2 hotSpot,1.8237595606576897,0.022,4,2 hotSpot,1.5173843385564028,0.044,4,2 hotSpot,1.2606088339368757,0.04,7
Lima,HUAROCHIRI,SANTA EULALIA,PE150728,12476,0.6355695265285654,68.47696135896219,23.6,5.2,3 no_pattern,0.009578453271016547,0.926,7,3 no_pattern,-0.028005752594942708,0.814,6,3 no_pattern,0.08429692721975371,0.56,4,3 no_pattern,0.028103355710913575,0.682,16
Lima,HUAURA,SANTA LEONOR,PE150809,1462,0.3172923408645138,64.37531480277559,41.6,32.4,3 no_pattern,0.006346671536606338,0.12,6,3 no_pattern,0.006346671536606338,0.12,6,3 no_pattern,0.005847671679095233,0.234,4,3 no_pattern,0.0044799266730365965,0.302,5
Lima,HUAURA,SANTA MARIA,PE150810,35132,0.6256541286888256,74.48686395070398,22.7,5.3,3 no_pattern,0.3510739787820074,0.306,4,3 no_pattern,0.3510739787820074,0.304,4,3 no_pattern,0.34458320175310236,0.278,4,3 no_pattern,0.23417524359798078,0.406,6
Lima,LIMA,SANTA MARIA DEL MAR,PE150138,1721,0.7466597389219729,64.03247149608075,12.1,0.0,3 no_pattern,-0.021343403736061348,0.278,3,3 no_pattern,-0.021343403736061348,0.258,3,3 no_pattern,-0.017681118628493364,0.29,4,5 coldOutlier,-0.02419251367731709,0.046,8
Lima,LIMA,SANTA ROSA,PE150139,20112,0.6605773559814456,67.6185602929845,26.5,1.3,3 no_pattern,0.10669824054502795,0.634,1,3 no_pattern,0.10669824054502795,0.666,1,3 no_pattern,0.13801979899776598,0.18,4,2 hotSpot,0.15610958940471217,0.026,8
Lima,CANTA,SANTA ROSA DE QUIVES,PE150407,8388,0.6000153967944606,64.4674409647477,33.8,9.5,3 no_pattern,0.00014315613461941368,0.918,7,3 no_pattern,0.00035045151183838835,0.862,6,3 no_pattern,0.0011964013569298816,0.566,4,3 no_pattern,0.0011964013569298816,0.54,4
Lima,HUAROCHIRI,SANTIAGO DE ANCHUCAYA,PE150729,526,0.42606194055124086,57.00632891227998,39.4,31.8,4 coldSpot,0.5625338825784388,0.038,3,4 coldSpot,0.5625338825784388,0.036,3,3 no_pattern,0.48931952320464617,0.052,4,4 coldSpot,0.4481860341934409,0.004,11
Lima,LIMA,SANTIAGO DE SURCO,PE150140,363183,0.8017574897902351,78.74302427848284,3.6000000000000005,0.1,2 hotSpot,0.8601853750088545,0.014,8,2 hotSpot,0.8601853750088545,0.01,8,3 no_pattern,0.8972130259055626,0.056,4,2 hotSpot,0.805465389918194,0.002,31
Lima,HUAROCHIRI,SANTIAGO DE TUNA,PE150730,762,0.28634303603657413,47.263429061817575,50.1,38.4,3 no_pattern,-0.21878090442593645,0.7,4,3 no_pattern,-0.21878090442593645,0.718,4,3 no_pattern,-0.27402227007701974,0.652,4,3 no_pattern,0.0874013592780489,0.728,16
Lima,HUAROCHIRI,SANTO DOMINGO DE LOS OLLEROS,PE150731,5026,0.4081700461455604,53.82223118798082,35.9,17.5,3 no_pattern,-0.08982918539557234,0.696,11,3 no_pattern,-0.0674083091995931,0.716,10,3 no_pattern,0.4311215342687822,0.212,4,3 no_pattern,0.10867587387540235,0.62,10
Lima,HUAURA,SAYAN,PE150811,24941,0.625259356790912,64.39893010534446,36.2,11.8,3 no_pattern,0.0017651438733100146,0.542,9,3 no_pattern,0.0013174818618611529,0.662,8,3 no_pattern,-0.0012530180541405831,0.79,4,3 no_pattern,-0.005893829900624703,0.546,1
Lima,HUARAL,SUMBILCA,PE150611,948,0.40036974271190734,60.92847646892804,90.4,88.9,3 no_pattern,-0.002586118878374537,0.974,7,3 no_pattern,-0.002586118878374537,0.972,7,3 no_pattern,-0.05127430015406304,0.654,4,3 no_pattern,-0.009033742003771283,0.926,7
Lima,BARRANCA,SUPE,PE150204,23345,0.6308271130775358,65.83291929627318,28.6,9.1,3 no_pattern,-0.0054720270407951025,0.856,5,3 no_pattern,-0.0054720270407951025,0.89,5,3 no_pattern,0.0237685748702215,0.608,4,3 no_pattern,0.0255645160114984,0.47,5
Lima,BARRANCA,SUPE PUERTO,PE150205,11898,0.632911211240674,69.32394689793804,26.3,4.4,3 no_pattern,0.08868049495566069,0.726,2,3 no_pattern,0.08868049495566069,0.728,2,3 no_pattern,0.06836086396109611,0.636,4,3 no_pattern,0.06836086396109611,0.702,4
Lima,HUAROCHIRI,SURCO,PE150732,1973,0.5185850254211779,74.83376268121117,35.8,21.8,3 no_pattern,-0.1275000788114995,0.692,5,3 no_pattern,-0.1275000788114995,0.648,5,3 no_pattern,0.1725361586092794,0.596,4,3 no_pattern,-0.09073075882651115,0.586,16
Lima,LIMA,SURQUILLO,PE150141,92908,0.8171136689103559,79.57658595346267,6.4,0.0,2 hotSpot,0.9525859504272098,0.044,4,3 no_pattern,0.9525859504272098,0.052,4,2 hotSpot,0.9525859504272098,0.048,4,2 hotSpot,0.8508594879613792,0.002,31
Lima,YAUYOS,TANTA,PE151028,504,0.3923482612353234,49.43363512351474,24.6,8.7,4 coldSpot,0.7790577974196509,0.028,8,4 coldSpot,0.7790577974196509,0.026,8,3 no_pattern,0.8505855417080089,0.084,4,4 coldSpot,0.8968500470831712,0.002,11
Lima,YAUYOS,TAURIPAMPA,PE151029,405,0.25571528207704036,60.841397075095074,78.4,75.8,3 no_pattern,-0.05474571388959219,0.576,7,3 no_pattern,-0.05474571388959219,0.598,7,3 no_pattern,0.10460592975028102,0.422,4,3 no_pattern,-0.02010896210291657,0.858,6
Lima,YAUYOS,TOMAS,PE151030,1151,0.532312797759408,59.780209916808516,81.0,77.4,3 no_pattern,-0.11139791617452693,0.574,3,3 no_pattern,-0.11139791617452693,0.562,3,3 no_pattern,0.1983055687916169,0.17,4,3 no_pattern,0.19539995355279371,0.182,5
Lima,YAUYOS,TUPE,PE151031,648,0.3281914991594404,21.185843624363457,96.1,88.2,3 no_pattern,2.7468921078824877,0.056,4,4 coldSpot,2.7468921078824877,0.05,4,4 coldSpot,4.534451890809189,0.008,4,4 coldSpot,3.6350359872703444,0.004,8
Lima,HUAURA,VEGUETA,PE150812,23091,0.6058977644686256,65.24867654925505,32.2,8.9,3 no_pattern,0.01117267942847688,0.762,2,3 no_pattern,0.01117267942847688,0.784,2,3 no_pattern,0.016321724991011748,0.528,4,3 no_pattern,0.01893384629334497,0.334,6
Lima,HUARAL,VEINTISIETE DE NOVIEMBRE,PE150612,414,0.46277108348848905,47.224839892871564,46.5,33.3,3 no_pattern,0.2244326534307825,0.632,7,3 no_pattern,0.3086594497599604,0.552,6,3 no_pattern,0.21974660908676955,0.744,4,3 no_pattern,0.10982466051039827,0.724,10
Lima,LIMA,VILLA EL SALVADOR,PE150142,489583,0.6990481232857558,74.3851677794309,15.5,0.4,3 no_pattern,0.4533615847280393,0.16,4,3 no_pattern,0.4533615847280393,0.166,4,3 no_pattern,0.5404721181218951,0.106,4,2 hotSpot,0.5494579281982385,0.002,27
Lima,LIMA,VILLA MARIA DEL TRIUNFO,PE150143,473036,0.689811994580126,73.89553442371854,21.9,1.3,3 no_pattern,0.41499633212357606,0.134,5,3 no_pattern,0.41499633212357606,0.116,5,3 no_pattern,0.5337204016123626,0.08,4,2 hotSpot,0.5186023147942675,0.002,32
Lima,YAUYOS,VINAC,PE151032,1906,0.35346774948026655,48.99616932596151,57.8,45.3,4 coldSpot,0.8330278950667962,0.024,6,3 no_pattern,0.6976451187439463,0.098,5,3 no_pattern,0.6172750198900795,0.26,4,4 coldSpot,1.3827996655669723,0.002,9
Lima,YAUYOS,VITIS,PE151033,665,0.5150709626527227,58.15721779237029,20.1,13.600000000000001,3 no_pattern,0.29099306097428457,0.114,5,3 no_pattern,0.29099306097428457,0.126,5,3 no_pattern,0.39958971584998965,0.062,4,4 coldSpot,0.4570118703313314,0.01,7
Lima,YAUYOS,YAUYOS,PE151001,2905,0.5786459756412531,68.60177935508167,37.3,17.3,1 hotOutlier,-0.2834835895329668,0.028,6,1 hotOutlier,-0.2834835895329668,0.01,6,1 hotOutlier,-0.3558950925919233,0.014,4,1 hotOutlier,-0.29818893345626507,0.004,8
Lima,CANETE,ZUNIGA,PE150516,1912,0.6861333928798342,68.73711182363009,38.2,8.9,3 no_pattern,-0.07058934842625439,0.65,3,3 no_pattern,-0.07058934842625439,0.634,3,3 no_pattern,-0.06842706810378496,0.63,4,3 no_pattern,-0.05889209991383576,0.516,8
